[
  {
    "Id": 1,
    "Nome": "Carol",
    "Email": "carol@gmail.com",
    "Telefone": "54998632155"
  },
  {
    "Id": 2,
    "Nome": "Marcelo",
    "Email": "marcelo@gmail.com",
    "Telefone": "54998632155"
  },
  {
    "Id": 3,
    "Nome": "luan",
    "Email": "santana@gmail.com",
    "Telefone": "1223456789"
  },
  {
    "Id": 0,
    "Nome": "Caroline",
    "Email": "carol@gmail.com",
    "Telefone": "54998632155"
  },
  {
    "Id": 0,
    "Nome": "Marcelo",
    "Email": "marcelo@gmail.com",
    "Telefone": "54998632155"
  },
  {
    "Id": 0,
    "Nome": "Caroline",
    "Email": "carol@gmail.com",
    "Telefone": "54998632155"
  }
]