[
  {
    "Id": 1,
    "Nome": "Carol",
    "Email": "carol@gmail.com",
    "Telefone": "54998632155"
  },
  {
    "Id": 2,
    "Nome": "Marcelo",
    "Email": "marcelo@gmail.com",
    "Telefone": "54998632155"
  },
  {
    "Id": 3,
    "Nome": "luan",
    "Email": "santana@gmail.com",
    "Telefone": "1223456789"
  },
  {
    "Id": 0,
    "Nome": "Caroline",
    "Email": "carol@gmail.com",
    "Telefone": "54998632155"
  },
  {
    "Id": 0,
    "Nome": "Marcelo",
    "Email": "marcelo@gmail.com",
    "Telefone": "54998632155"
  },
  {
    "Id": 0,
    "Nome": "Caroline",
    "Email": "carol@gmail.com",
    "Telefone": "54998632155"
  },
  {
    "Id": 0,
    "Nome": "carol",
    "Email": "carol@teste",
    "Telefone": "54996321588"
  },
  {
    "Id": 0,
    "Nome": "Carine Rodrigues",
    "Email": "carine@gmail.com",
    "Telefone": "54999905595"
  },
  {
    "Id": 0,
    "Nome": "eduardo",
    "Email": "dudu@gmail.com",
    "Telefone": "54998711266"
  }
]